sim_id,condition,mu_v,mu_a,mu_bias,mu_ndt,mu_ndt_var,tranf_mu_a,tranf_mu_bias,tranf_mu_ndt,tranf_mu_ndt_var
1,1,0.8217496411803569,2.0523357677547756,-0.04396771357639029,1.6785374533580604,-0.9594742271820524,2.1731670945623534,0.48900984202652803,1.8496689308460228,0.324323201899753
1,2,0.5131196984898361,2.613523656696253,0.1737475964943481,1.4725850419318178,0.8222967142250643,2.68423920681809,0.5433279544145843,1.6790558814112246,1.1865378509107878
1,3,0.3817004784577437,3.038261616263739,0.16988549256915353,1.0620297539798627,0.07208467195534568,3.0850670666749904,0.5423695196155729,1.358983687178064,0.7298389009501064
1,4,-0.10281257484927292,2.40026724640854,0.06347318883788436,1.554157417936786,1.1124241712917486,2.4870811736809517,0.515862971778245,1.7459072237900513,1.3966711163923053
2,1,0.08382436670760036,1.7402716922720054,0.08979343285988872,1.6446362548253344,1.0944808641531694,1.9019420734789165,0.5224332872011835,1.8211767861057657,1.383197394022916
2,2,0.42186377871003394,1.4426248427166026,-0.25341587475570315,1.7637665982295665,0.13643925232484605,1.654753290764376,0.43698291526100225,1.9219645557696983,0.7636919627437966
2,3,-0.9559941397590552,1.7014354843087256,-0.11027264601356584,1.3250823866501236,-0.4924349256750046,1.868999915750323,0.47245974043488076,1.560771758114664,0.4769398362126183
2,4,-0.7027795375510735,0.9792449230301385,0.3209736199086339,0.24126989335232835,0.3006942110408686,1.2981309931390836,0.5795615124386024,0.8210409419623287,0.8547540877097827
3,1,-0.24868267648646505,2.678763135040741,-0.2696516758603418,2.0021320058437744,0.7305536946394398,2.745157442501111,0.43299261010064033,2.128806114052772,1.1237047844907795
3,2,-0.19276259766242315,2.8483239340216304,0.4527838163079553,2.20237395497075,0.2764812596231565,2.9046488340371766,0.6113009069970368,2.307220724451891,0.840912766261554
3,3,-0.1562205763502084,2.457335101597303,0.4003021095662468,1.06244625969238,-0.007793169755804907,2.5395258974617687,0.59876024301756,1.3592932000694302,0.689258187349687
3,4,0.01814437545171928,1.9349572517646116,-0.25264242127177705,1.4133257224112306,0.851422974867556,2.0698643351758697,0.43717321639582424,1.6311211411529,1.206862170218586
4,1,-0.4461699573251767,2.625837632650887,-0.09092012866259835,3.3060989037422575,-0.13148345445155651,2.6957172750722984,0.4772856129951495,3.3421018541818,0.6295648858530712
4,2,0.32777579763707404,3.1632472665657554,-0.11157113330804302,1.4790592541135872,1.0049731557907948,3.2046657521088293,0.4721361150881247,1.6843255052046868,1.3168997851890507
4,3,-0.9737790146902079,1.0298930796156713,0.1861850941554773,0.8768408476869786,0.685215500851475,1.335202719997317,0.5464122778958804,1.224744175490323,1.0933314985154148
4,4,0.27330961141262855,2.5121605567730185,0.057689736886814294,2.0953956689771562,0.2974277472123006,2.5901329790129735,0.514418435603635,2.211418541529468,0.8528784419336198
5,1,0.42060012172429895,2.3809740417087406,-0.10843002373346566,1.8448084050760132,1.1184377530213974,2.469406508975422,0.4729190216156161,1.9915507974434403,1.4012001858282441
5,2,-0.018662149800290854,2.163714864923991,0.11902988033716869,0.231351824553243,0.3604657699398468,2.2724773360701183,0.5297223858594046,0.8154986834583414,0.8895348326148234
5,3,0.4251419957315843,1.657334411539686,0.08740844509317264,0.7895527683591422,0.04084404058533614,1.8318308387739741,0.5218382089537966,1.1639040316820162,0.7137777158157976
5,4,-0.20090841899964051,2.6981207549853687,-0.1526536306474907,1.435525490522821,-0.04944762342544218,2.763282763379145,0.4619105306174186,1.6490148049146145,0.6687289711478368
6,1,-0.0693735553515185,2.448894888378346,0.16158900099896156,1.6496799925869339,0.2590952288776191,2.5317542439642664,0.540309578095675,1.8254059929806894,0.8310627204505168
6,2,-0.03101900918659843,2.8515867184234636,0.14618791053983418,1.4084469704953897,-0.2714862145423371,2.9077331974887772,0.5364820295984325,1.6271990851127265,0.566589013416873
6,3,0.48338749239202244,2.2585610890608976,-0.19057451332450215,1.423761782200427,0.9673481120459065,2.3579545064449152,0.45250004588862713,1.639523312936499,1.2894965786534187
6,4,0.22090328596382924,1.9492948722116836,0.29508241427273624,0.6285365182474147,0.19264991966452832,2.082403800430904,0.5732399342922939,1.0560056262472386,0.7941042328263568
7,1,-0.5442724644201996,1.600342388758416,0.05034534842171576,2.4597469888546755,0.7756215573325087,1.7841856228218422,0.5125836792781737,2.5417476888989046,1.1543439221437324
7,2,-0.3610791497974472,1.9064555000773076,0.03932220351095068,2.1807321026842104,0.664014351373871,2.0450046976501306,0.5098292843778506,2.2877541598439857,1.0792850079695664
7,3,-0.3123187156633973,2.8937540383984803,0.1879933988554543,0.8552883617046162,0.04189353411050917,2.9476435298212715,0.5468604210688813,1.2095728521480742,0.7143133150990666
7,4,-0.37143638050181155,2.502328197916265,0.02749910653292477,3.1433834012890087,1.0416336916621296,2.5810415092259182,0.506874343439989,3.1856155392844183,1.3438676579129534
8,1,-0.32267872952251364,3.1097335637067856,0.0980915538330524,2.067755668176107,0.995239364161619,3.1533798926642267,0.5245032441864611,2.1868438983700855,1.3097836134542806
8,2,0.7947728989616474,2.0172311630668243,0.2743582403337003,0.8291794145257185,0.32908603060369246,2.142120688061119,0.5681625321539673,1.1913244444445366,0.8711667499580243
8,3,0.18068330401605046,2.386551359734301,0.007373610345833325,0.9326765880532263,0.2096585321940655,2.4745129933566177,0.501843394234334,1.2644944847906625,0.8034610000673895
8,4,-0.06825428460916916,2.2722320323306704,-0.02027719918533683,2.216573146240297,0.43440343528014713,2.3703399685028,0.49493087388966367,2.320015564848324,0.9337540224507965
9,1,-0.5704169009013101,1.513713923764929,0.35767024124831903,1.5128336791678982,-0.5099373116046855,1.7126394164372252,0.5884763484011862,1.7119180156093483,0.4703368387855479
9,2,0.23894390657364153,1.6974602744993672,-0.19105264155626833,1.8082898610274707,1.4329934089257015,1.865639024721768,0.4523815952978202,1.9600957203957996,1.6469699867327123
9,3,-0.41476084189162066,2.048564056687544,0.13090954493803653,1.4808320996041153,0.7553833835392567,2.1698253848617073,0.5326807279152465,1.6857696019622568,1.1405304408991455
9,4,0.9833557974173609,2.276218568254638,0.2952939406406345,0.9834360002146098,-0.04571688051924738,2.3739546392740576,0.5732916804363686,1.3011794739088638,0.6705499716977997
10,1,0.7402148096916049,2.0529483817497503,0.05516207908163931,1.614538498578268,0.5471119804357663,2.1737100018526454,0.5137870239548317,1.7960117622996028,1.0036620532678213
10,2,-0.17425707155465164,2.66732017428673,0.12803741973874957,0.2529268986664597,-0.2700042097004448,2.7344535054522505,0.5319656975077646,0.8275859076841634,0.5672303127153041
10,3,0.5121473755399366,2.939521267004283,-0.10164722044782232,1.205117728665778,0.6339581451457772,2.9910610222155984,0.47461005220257274,1.4672178961479525,1.0595447133062497
10,4,0.24510476751918353,1.7044646264616201,0.15579139683621698,0.7281893647493951,0.9133555721273952,1.8715623264747039,0.5388692647967794,1.1221096483658635,1.250667305285821
11,1,0.20308762832776261,2.3999875202793057,0.08506793365066001,1.3843712830796984,0.29630705868822443,2.486824710411215,0.5212541677150869,1.6078997459740738,0.8522355292102559
11,2,0.43700749949824147,2.5284704778608083,0.07375033450513797,1.1117921120945735,0.6879612876649285,2.605228677821616,0.5184292311626372,1.396195477989345,1.095158016622687
11,3,0.45820775924264934,1.7949434848672354,0.35312281634768483,2.040598806931635,0.7022014204353471,1.9486399255382205,0.5873746483512231,2.162772962686499,1.1046575482072978
11,4,0.30012359743956285,1.9785466581199456,0.0267085995312383,0.9414406362921199,0.5969756335184265,2.1080562635658286,0.5066767529827789,1.2707914959137863,1.035536295822705
12,1,-0.2855068409033352,2.0683658223914234,-0.13465848032691538,2.0815296730512536,1.3087946888219861,2.187385568799236,0.4663861576290421,2.1990809093173684,1.5479261257151355
12,2,-0.666234215287489,1.602105641060748,0.15125343894715643,1.4050758473717455,0.3264997440290103,1.785652982656044,0.5377414343616301,1.6244912150075712,0.8696635426699075
12,3,-0.4469099763159126,1.3143862764545011,0.041465518766777995,2.5535656535192284,0.7464993287911097,1.552331061331282,0.5103648946268871,2.6284910589738635,1.1344947604736555
12,4,-0.21687360296528588,2.6547631852262765,0.12733426988000873,1.6887047180907848,0.15712794141794584,2.7227166392501774,0.5317906245978515,1.8582438294508736,0.7747941304600666
13,1,0.9036302502686826,2.3873887829629457,0.17441493530564278,2.268944910151374,-0.3622355777086296,2.4752799292423937,0.5434935315207822,2.367360482538323,0.5283423218192836
13,2,0.44405128056521687,1.3127140466281437,-0.20639714121962205,2.459051388568283,-0.1623769905249266,1.5510131659537438,0.4485831142328962,2.541106869859923,0.6152508567957623
13,3,-0.5498003571587411,2.005712701056513,0.18179833084531127,2.498431917230218,0.5224301498124407,2.1319614521883987,0.5453248169303595,2.57744068965447,0.9880978475156137
13,4,-0.33555331381910913,2.4813996123809297,0.34464841542302965,-0.0710418239374968,-0.012986119821281172,2.561712529256832,0.5853192348607353,0.6582570035647222,0.6866752004146871
14,1,-0.9031496811562837,1.8639315883213199,0.03720449338744427,1.4000952410506855,-0.9271633087718616,2.008085429776017,0.5093000506306634,1.6204938114745304,0.33337782986036174
14,2,0.28344202164589605,2.7832177460216343,-0.2137760688836429,2.135179504468076,0.03383154548566358,2.8432202487553178,0.44675859046505983,2.246920650702621,0.7102060181638723
14,3,0.012649183372963986,1.8663071905928867,0.13558580786466862,0.27319741148787924,0.2089574427821818,2.0101424460121864,0.5338446192668205,0.8390466192312068,0.8030739028077947
14,4,0.0775984601835912,0.8432916539546846,0.051697293459365704,1.238082147915495,0.19720031492895307,1.2011701459402107,0.5129214456607855,1.4926776571402953,0.7966004774843984
15,1,0.35917831566783764,2.482649932019557,-0.00879806210627877,2.620125833298538,0.3739425119004976,2.5628664142913027,0.49780049866127646,2.690392016001371,0.8974966612559688
15,2,-0.5312968978455131,2.488656320962951,-0.31477821805836326,2.004013884116121,0.5665916093018334,2.5684110910374733,0.42194886057326864,2.1304642733721435,1.0160456974741596
15,3,1.0185598566235081,1.7405122308626093,-0.10130463424149619,0.9614649235155699,0.5324350550345633,1.902146708520543,0.4746954786483698,1.2852371321178833,0.9943897709059228
15,4,0.6672984966266158,1.4645079776646457,-0.16104869821674023,1.4351785169449787,1.3297046818278786,1.6724905519653235,0.4598246226019172,1.6487345426107352,1.564425262204208
16,1,0.11378834083506191,1.4345782507340035,-0.28449984646467946,1.0406843500949448,0.7307377697508433,1.6482497314315745,0.42935092574468325,1.3431660246474106,1.1238290254272578
16,2,-0.25792943935912904,1.8319195508583683,0.1253834639930832,2.5728380606482815,0.6305127796591345,1.9804308803585289,0.5313048647245372,2.646384613162071,1.0572949029450955
16,3,0.1554882990508936,1.7674644016885042,-0.14761195262300764,0.42289958554414775,0.23105143144022017,1.9251221527329239,0.46316387364903944,0.9267878508556429,0.8153312009895312
16,4,-0.030866694519400814,1.9870949263113156,-0.24605008976748188,0.7357723584949942,1.004831285652563,2.1155700313991166,0.43879594420619844,1.1272299862135713,1.3167959332230206
17,1,0.6752618093179092,1.9179645500597584,0.20896802661947939,1.0873291882707308,1.7459350031418055,2.0550321504482967,0.5520527260772693,1.3778439934083564,1.9067620080612804
17,2,0.28376430452869844,2.7992550579172786,0.18203778718044572,2.296128185024863,0.37529236535870536,2.858330602393452,0.5453841884449865,2.3920270822954572,0.8982965496404279
17,3,-0.10191103279162704,2.1060280939145137,0.006486761576049025,0.23664725588063817,0.9071478313124983,2.2208917343649235,0.5016216847075686,0.8184547752352656,1.2462408662250035
17,4,-1.289834355689072,1.1560597172120497,-0.15913606293556848,1.1900403507827835,0.47027291200833066,1.429686354590578,0.4602997306751629,1.4556370688907443,0.9556771660779925
18,1,0.6393440186915648,2.458571507989552,0.1071382369749945,1.206379335575225,0.053664433411420964,2.540664802224218,0.5267589678444838,1.4681887604843828,0.7203393380044758
18,2,-0.8156833442333694,2.9301590148138286,0.07895044417848551,1.2786794021897676,0.47140619039404397,2.9821711712632863,0.5197273651029577,1.5242923891199343,0.9563747923572121
18,3,0.7374507513243487,1.8461478713416628,0.1931879389787101,1.0162026364795032,0.3504722363585723,1.9927075542196735,0.5481473332621262,1.3251325072165938,0.8836592046067118
18,4,-0.6670662385650796,2.4092445613644795,-0.12163221862185017,2.704175605374222,0.44127477235643114,2.495315068512837,0.469629379033014,2.768956729061288,0.9379300357200258
19,1,0.20197759622249514,3.052017053602823,-0.07114574170537465,0.3809843068189159,0.14020974059044328,3.0981976206644886,0.4822210632692846,0.90167428404214,0.7657073870583283
19,2,-0.08192127159909887,2.3803632269451453,0.4515993551234912,1.2840075374250723,0.8266413812655327,2.4688474050193365,0.61101942760306,1.528462604757207,1.1895581943810076
19,3,0.39222693737855724,2.348550097012746,0.256924312440419,-0.8460653490706243,0.6256217086320432,2.4397678584122575,0.5638800699335279,0.35704485686374826,1.0541056751035784
19,4,-1.3497452123860905,1.9047083857122675,-0.18463940943019677,2.2093156305622146,0.6266816327592492,2.0434837961983376,0.4539708411348876,2.313473598433276,1.0547963389953632
20,1,0.1950213163064042,2.2103281720297447,0.007019459138333505,1.3828165702562576,-0.26014845679556664,2.3143860279585127,0.5017548575790262,1.6066566480185995,0.5715088564495839
20,2,0.033370212037686975,2.745094480566867,0.24273690794691954,4.113273255857545,0.6404533166360495,2.8073575063042697,0.560388006575091,4.129495122507343,1.0637933440839744
20,3,0.1554114632951451,1.3397281029030288,-0.11492784244983197,1.1418307827425382,-0.6840029063331066,1.5723599958646473,0.47129962296184497,1.4188820769187211,0.4085224997965003
20,4,-0.300137950612645,2.6086909844789754,0.11633981088016886,1.5229983838368097,-0.07929127305826711,2.6797372200446747,0.5290521917755054,1.7202554214243204,0.6542872264915145
21,1,-0.05966212793932204,2.2935402313771047,-0.24601406462717101,1.7721911456660977,0.7917889416433781,2.389676060237886,0.4388048155629494,1.9291608537520828,1.1654424637602019
21,2,0.021243274983350383,2.1650647503306084,-0.23028621044494774,0.0013363760250934553,0.35771000906124895,2.273688191121071,0.44268153195000187,0.6938155918100855,0.8879121865792298
21,3,0.34649084194900054,2.0112897840041515,0.31717869659289155,3.4234607182300434,-0.08287982989612874,2.1368786918540605,0.5786365254331934,3.4555400520232347,0.6525656532494448
21,4,-0.7117958937259447,2.137239546035886,-0.2030860270688685,1.4545010938167262,1.0914142819545112,2.2487630963555127,0.449402277902775,1.6643704011674596,1.3809007192186449
22,1,-0.5948544190658259,2.2696856514594668,0.39638400272121294,1.390097408241205,1.0499052703513931,2.368031819095352,0.5978185687176197,1.6124815063045352,1.349988307133359
22,2,0.3376733018076013,2.6913309705088078,-0.23825882921813576,0.9520764403886558,1.141287760470128,2.7569226730513727,0.44071547940975814,1.278454192948001,1.418470484603824
22,3,0.2621852639872215,1.4009951283928936,0.021583220194157877,1.7186778385175119,0.2973601626250102,1.6212157644378073,0.5053955955952157,1.8836014744190241,0.8528396615376008
22,4,0.3145658297678867,1.8324688806608997,0.048908951193993466,1.6245620146196376,-0.23036449593739183,1.9809044152344695,0.5122248009982062,1.804378718995841,0.5845837917346853
23,1,-0.48467688619904836,0.26000811602485996,0.1679655967604583,1.3693166035365572,0.4122417653894231,0.8315780690520147,0.541892953594739,1.595878844228609,0.9203622345140707
23,2,-0.21526364724598848,1.0984509872190449,-0.03658980666007459,1.9410140705814314,0.5022425485197464,1.3861733874723599,0.4908535687596915,2.0751587855667357,0.9754734702432466
23,3,-0.4849332997741961,2.4351153314939293,-0.21101587783482817,1.278601997002892,0.014132483058991452,2.51907740519417,0.4474409138967237,1.524231841365892,0.7002383877663553
23,4,0.1578758145908116,0.7868942738572042,-0.3616397396069312,2.109193919603264,-0.27450773279772667,1.1620764503406986,0.4105626892555077,2.223714513394498,0.5652831993296064
24,1,-0.07118706174886255,1.2516961215876998,-0.5685598074741817,2.2198409239641865,0.8336048186150777,1.5032477253383378,0.36156920812835985,2.322962684052967,1.194407398385336
24,2,-0.1991189371622899,2.6279491957912176,-0.3080050016512896,0.24331559935963804,0.8254605569654123,2.697686460696516,0.42360176987704146,0.82218710721468935,1.1887369083183361
24,3,0.16425847593955617,2.798868101775816,0.05901064010928543,2.490561024609985,-0.12122233015940609,2.857965847824899,0.5147483804730923,2.5701699136645715,0.6343717485661717
24,4,0.1547360383052329,1.6723538182819675,0.0701116691384661,1.9527997774433397,0.8106079529318568,1.8444604527267137,0.517520740725746,2.0854725579022126,1.1784319020526477
25,1,0.13099981309676798,1.6338251737591882,0.03820833435739067,0.5482170440011955,0.3222577683392668,1.8121232648024501,0.5095509216868574,1.0043622144343185,0.8672015382125445
25,2,-0.6566599549352227,1.1174007065750495,0.19245418356320268,0.5188814360004956,1.082630169233354,1.4004186649851518,0.547965588962311,0.9858717355492134,1.3743317816530398
25,3,0.6261402099475457,2.780324043699462,-0.06329152046433321,1.3156917445339824,1.274541755161526,2.840495299181354,0.48418239973185306,1.5533602337968868,1.5210572779309013
25,4,0.31789743345915417,2.4807846081895493,0.14916854497100282,0.7262296653779785,1.3517848325049568,2.561144999926702,0.5372231400284277,1.1207884335334455,1.5819262200518185
26,1,-0.26380878519754913,1.7093614506604249,-0.2628270180674121,2.62218182282269,0.7311334566160206,1.8757071716887495,0.43466889196327274,2.6923086313282165,1.124096118236685
26,2,-0.28788478920569843,0.9808392634582084,0.1825127618583724,0.25033469653031176,-0.3690864336037505,1.2992902644649131,0.5455019512567091,0.826127592189109,0.5255362799198641
26,3,-0.01331791468131849,1.7472130500462302,-0.23868574013282468,0.8961844778879521,1.1715263669560079,1.9078502907649362,0.4406102547901528,1.2384427278447196,1.4414722556654918
26,4,-0.3180535188363573,2.292856100279076,-0.006139351120126884,1.9268178820144937,0.6113103462684347,2.389054655653567,0.49846516704082855,2.0627558377704327,1.044805164239926
27,1,0.26501862391287134,2.111966208667335,0.2044665181734965,1.8776543354084416,-0.033256886786163786,2.226187193516504,0.5509392867249727,2.019976867178685,0.6766569833609144
27,2,0.7502897235016882,1.5376755078681217,0.07153189479063818,1.0566493516490356,-0.07354733840816352,1.7323208211320746,0.5178753522795456,1.354988393020763,0.657049510390602
27,3,-0.17781151928956326,1.9889498412920166,0.18978814919168666,1.7195490630610857,0.49307586001962017,2.117201491721769,0.5473051300417358,1.884340285556317,0.9697726252894792
27,4,1.2561066374649354,1.8893491880588014,-0.22533246544381003,1.6946802750237153,0.3821384553489181,2.030128143686863,0.4439040377525049,1.8632898674411602,0.902360136380534
28,1,0.316297042126561,1.994153043997982,0.3090025132883694,2.8147247673347864,1.4845691433400796,2.1217798266494747,0.5766417672867604,2.872919341323124,1.6888152182094667
28,2,-0.12754070094085873,2.0907864799437132,0.037043263415030524,1.710931941512932,0.6338825425791635,2.207315304169388,0.5092597570221613,1.877037150192645,1.0594953162633665
28,3,0.38676558578717385,1.961343368737749,0.32097330598692886,1.7424038049659631,0.764313738545777,2.0929585844361482,0.5795614359453094,1.903756196250207,1.1466148756608034
28,4,0.1745068878094656,1.7667462842522113,-0.08186114972742183,1.972770532377702,0.008164820896662872,1.9245088105545396,0.4795461334950169,2.1029835689028573,0.6972379240226646
29,1,0.2968980033443232,1.5902059207014445,-0.14270979069837708,2.9860499816710298,0.6581741114386646,1.7757586047373584,0.46438298008646195,3.0353033393554245,1.0754333344122973
29,2,0.6653048301787636,2.3591041858019666,-0.06989079832113644,1.0921095373759329,0.9352907823057985,2.4494062496016,0.48253440938966463,1.3814212662368142,1.266371169787263
29,3,-0.9913546403911699,2.01953425585169,-0.1207699867958188,1.91188756021813,0.5014373024171607,2.144153659515052,0.46984414729949775,2.0497356197476515,0.9749718891927543
29,4,-0.5088466349676771,2.12265880265003,-0.03823878191710217,1.528752844300296,1.860483396364364,2.23573112651836,0.49044146920285764,1.7249821463873098,2.00510083343602
30,1,0.04798715316412386,2.2062695327096518,0.5387248828768468,0.4207304214239179,0.6438934142336628,2.3107292254667344,0.6315157431711877,0.9254778547419942,1.0660474492961534
30,2,-0.5363832516588669,1.3257679558877715,0.558356081971876,1.6043761331346877,0.3534544924793288,1.5613134146431527,0.6360720841134627,1.7875431010923624,0.8854100680676519
30,3,0.18919541263625858,1.9984097532382317,0.2571028630360694,1.812059820345916,0.757554693083716,2.125527459153888,0.5639239784766417,1.9633355591659896,1.1420082051185279
30,4,0.06833589777604303,2.3899244405797724,-0.08560929085241542,2.2449805057246657,0.3930213410945199,2.477602485619662,0.4786107390946791,2.3456667588555313,0.9088430686558153
31,1,-0.04286837384425345,1.1216374483972336,-0.21259643517359864,1.7607501999489938,1.0073427202600267,1.403612742225294,0.4470501733257552,1.9193900832153683,1.3186349403749986
31,2,-0.19356648355671344,1.9621862423204495,-0.04704998185937654,1.7111505089248118,0.7294525258434206,2.093697551779624,0.4882396739420435,1.877222270514777,1.1229617092339206
31,3,0.16676600001295333,2.177932128436531,-0.06232997758680239,1.4850751661332635,-0.03983286865684532,2.285238724326931,0.4844225485105864,1.6892277785082852,0.6734290652992043
31,4,-1.4903798214420794,1.6440303366512803,0.38794836736594074,1.4815191827037104,0.3412463632709565,1.8206689517200694,0.5957887131005093,1.6863294029773048,0.8782564137249623
32,1,-0.7622777669659224,3.2818659926386946,0.27801110248021355,0.39035172428027204,0.4683686321152335,3.3187359721214014,0.5690585519205088,0.9072501386886678,0.9545056093437634
32,2,0.6674518849046206,2.6735107034714147,0.14109981242699088,0.3534189390184001,1.2586435342195135,2.7402432480571624,0.5352165448414308,0.8853891821612637,1.508654155348603
32,3,-0.8940990553950846,1.5939868686667917,-0.024839912548071736,0.9031725563604391,0.5028090854105352,1.778900235203207,0.4937903411506568,1.2434104358289644,0.9758264525956953
32,4,-0.7999361919479422,1.2653363439121792,-0.12913647153859412,0.7166065811588866,-0.15300969187407132,1.513870319028742,0.46776067220050804,1.1143128780233762,0.6195659800042747
33,1,0.9838262554849783,0.7235114704550467,-0.17497948571265654,1.01249444785829,0.06436557696313694,1.1189572437212916,0.4563664022732371,1.3224111779031147,0.7258477456083783
33,2,0.2486549021651911,2.6746480059402575,0.3876403873870071,1.9879286702386099,0.5692429236148275,2.7413071714133848,0.5957145417816185,2.116303292213732,1.0177379848372161
33,3,0.7207924978923504,2.650927929914513,-0.043091402402686475,2.36161208546654,1.5978916549576767,2.719133796949255,0.4892288160708418,2.4516978529928473,1.7821468698292335
33,4,-0.4593502240531766,0.7264999113067361,-0.09283452530732844,1.5981290866718205,-0.015050834266595592,1.1209705811929904,0.4768080224678092,1.782344351312376,0.6856500791109023
34,1,0.22732828903185484,1.6534949539552337,0.05588396678131677,1.455166284563755,0.5484528795834381,1.8286071477840256,0.5139673568592446,1.6649096987300336,1.0045116750466203
34,2,0.0030235858796100927,2.1385606824832046,0.27916403909781895,2.2692451941423477,0.22724224891423994,2.2499448960527277,0.5693412650828266,2.367632625401943,0.8132093441127035
34,3,0.03682301846638213,2.042567262048956,-0.2265791877193593,1.702032562858674,0.4461495413393702,2.1645152311925693,0.44359630187734334,1.8695049015444083,0.9408994678811738
34,4,0.029577251974147074,1.6499122925648266,-0.24161269625215362,1.037110641077831,0.3181792860244136,1.8256008609523582,0.43988896544722245,1.3405263503252045,0.8648385574020101
35,1,-0.0843228481348226,2.0019678605923734,0.13866705480848288,3.335231197199195,0.8649214838590433,2.1286615000936018,0.5346113210019979,3.3702183008482707,1.216341876076902
35,2,-0.04615414466660839,2.123621632980271,0.2111445454156765,2.0794988234750242,-0.08214019938655592,2.2365910611179305,0.5525908973445883,2.19727549464953,0.6529202204230008
35,3,-0.37513572463932543,1.845086638157095,-0.3354409691281086,0.49841314327614467,0.6591871394806672,1.9917910608327098,0.41691734348081716,0.9730895263264685,1.0761008833661982
35,4,0.26045061102364137,2.173242099892529,-0.06897511974172109,0.78932651171874,0.26934928820924464,2.281026911554983,0.48276305335034386,1.163748432502132,0.836863173059329
36,1,0.09037088166537327,2.0039941642545265,-0.46492104166430925,0.40378026436438724,-0.050447171996341744,2.130446895898137,0.38581906723597936,0.9152801663099284,0.6682416754804907
36,2,0.04862552573251555,2.6419030084135855,-0.07866170701764741,2.8863348998857608,1.5238213731490498,2.7107064197079316,0.4803447072297437,2.9406149941336626,1.72093112861135
36,3,0.27153868820554367,2.2171428924100716,0.16359396045906996,1.5141476808165066,0.1841108711404948,2.3205293352710337,0.5408075197681033,1.71299494237708,0.789433746884509
36,4,1.2070322965572522,2.412290880597833,0.14533374393028994,2.200932139934873,0.2717161993713736,2.498110507196483,0.5362696181830656,2.305922517292508,0.8382057411199093
37,1,0.5690847813211526,1.9896383707621517,0.01621663169076531,1.8243786724451063,0.1869694664887167,2.117807169363741,0.5040540690784463,1.9739341053244561,0.7909952615204471
37,2,0.07386383308788907,1.7214235646934264,0.2491596662507335,2.747078452389212,0.7900428424961683,1.8859302218193315,0.5619696553139244,2.809221828633106,1.164241098749952
37,3,0.025430148017662812,1.2364372943592077,0.2859144578670117,0.944679331821147,0.36007226318084673,1.4914027530942842,0.570995631674676,1.2731224411367998,0.8893030155977395
37,4,0.34361162735682277,2.5488945058355856,0.19263064089586893,0.46482777095426997,1.2600533713189428,2.6241578405326957,0.5480092969504411,0.9523294730788369,1.509752297089162
38,1,-0.1557350493311192,2.026588161921823,0.125991842496847,1.7427344902704907,0.28436369940714473,2.150383648264472,0.5314563602529205,1.904037613776544,0.8454029957904662
38,2,-0.7297051954447592,1.2496910432078208,0.03039803068818225,1.8774350156473427,0.9146440283208406,1.501688937535973,0.5075989225385209,2.0197866448229433,1.2515870284338524
38,3,0.8108966909557799,1.5704990913165262,0.34547041865009387,0.9008616760746567,0.42657757168255467,1.7594166587905296,0.5855187379974358,1.2417665591900584,0.9290116221972506
38,4,-0.7053868302394027,1.6360605628251508,-0.13255862263022186,1.3728746420649383,1.2340631142241396,1.8139939403476741,0.4669087861414852,1.5987165829750973,1.4895633899430136
39,1,-0.5646967797610566,1.8703992951797075,0.09659527434774315,2.2801655695560497,0.41790695264249794,2.0136873034667553,0.5241300590820451,2.37753478533262,0.9237743990210635
39,2,-0.18966893638744206,2.0373409116712016,-0.13298581882890884,0.6555345939766806,0.852500183339701,2.1598902847741153,0.4668024563885395,1.0736950712446938,1.2076172701571013
39,3,-0.5916640945690513,1.8774486081392796,0.03163505596155471,1.0451146059510992,0.3728505316531439,2.0197984338224257,0.5079081044807868,1.3464417956966759,0.8968499038066129
39,4,-0.26220302562294034,3.480876770966028,-0.009495996331617358,0.6036940997545936,0.4177309335703503,3.5111929676973848,0.4976260187563403,1.039874629765182,0.9236682663457989
40,1,0.15272964068204992,1.8416669791656988,-0.20658897155666286,1.3811847659024439,0.9598821972097187,1.988838706635687,0.44853566425791763,1.605352327031803,1.2840924148181092
40,2,1.2214297936747476,1.4251972645830915,0.5820870188301898,1.101463588726834,0.76777557657656,1.6406803687194973,0.6415474878250341,1.3884335979809215,1.1489781499831242
40,3,0.33189993917071764,1.9160082308672857,0.03288531669223006,0.8755207622611161,0.35127062236607276,2.053326627489522,0.5082205883442114,1.2238121553669918,0.8841277205742483
40,4,-0.49782607525758354,1.62470611330386,-0.14621523964145472,1.1329371012599165,0.15227697127762607,1.8044991038254214,0.4635111745062916,1.4121477929312334,0.7721814045173473
41,1,-0.0792478196625535,1.6571015821693011,0.010540953268441037,2.368231404187931,0.08083203612528161,1.8316352937214404,0.5026352139168981,2.4577486575156673,0.7343797036296053
41,2,0.0835394571754193,1.526193976425469,0.24921860805963886,1.4068446778656412,0.7353451010249328,1.7228796876097308,0.5619841643625658,1.6259118122629315,1.1269411499482132
41,3,-0.654861243861519,1.6450172895312138,-0.3079947641153431,2.3584803262719936,0.6237819571421829,1.8214961658324154,0.4236042695096638,2.4488362724765778,1.0529074686162565
41,4,0.15856800344624636,2.133566721848637,0.3241164248158217,0.3872176780358202,0.754510843019932,2.2454785013870815,0.5803271275332499,0.9053822781925107,1.1399368902452098
42,1,0.2547221815570131,1.355461002687602,0.4300949236182988,2.180477382668603,0.6834293334546679,1.584847750598421,0.6058963350875023,2.2875252953773666,1.092144228183782
42,2,-0.014101603458544954,2.017288397150841,0.030753684042147397,0.8741051460934561,0.16802149088264012,2.142171202712982,0.5076878150991223,1.2228130896662026,0.7806826854206218
42,3,-0.12962059304356416,1.3764730199777637,0.0011983688408203452,1.9328798763305137,0.232950005767668,1.6015885713798264,0.5002995921743517,2.0680493686198025,0.8163901145238467
42,4,0.33530225207712133,1.666437227824443,0.20368421242726914,0.8714817479221812,-0.030260077033410382,1.8394816709712345,0.550745732520636,1.2209627371559635,0.6781315967093084
43,1,0.2614767307507507,2.104818111249109,-0.018556564946959245,2.7542840539241684,0.6733880260669739,2.219813120540279,0.49536099188119326,2.8159947460848715,1.0854829942378565
43,2,-0.09079749836366248,2.496647520201991,0.08468109220437968,1.0541555883610756,-0.11532087498715793,2.575791961836306,0.5211576313126168,1.3531384921133127,0.6371481857579276
43,3,-0.48025404397223154,2.0310021201447146,0.23453061317695056,1.0583091573491967,0.5877088556999376,2.154284648587894,0.5583653678792561,1.3562203149567877,1.0295693976747669
43,4,0.07043673090668702,1.4984140482831174,0.45331809461264394,1.6715155810487035,-0.2647259773438677,1.700116831971312,0.6114278504395316,1.8437547964642227,0.5695187120608585
44,1,-0.16882075906728716,1.8121066680427258,0.24572793664252585,2.5473811906943435,0.17831750934973034,1.9633758300769584,0.561124722714164,2.6227543189647387,0.786275322212558
44,2,-0.3578740951904388,2.322164685787444,0.40628507683230036,0.061002080775548306,0.4374299593243814,2.4157106596157343,0.6001967763477224,0.7241133055743801,0.9355919869601949
44,3,-0.7730715881980469,2.579375194743326,-0.028921380774348845,3.365593602589883,0.343900594576685,2.6524596230089976,0.4927701587471975,3.3995519418867186,0.8798086493434533
44,4,1.0790525627120293,2.2614668462661687,0.4820370008721366,1.4383028426476934,1.131547108800357,2.3605857009814954,0.6182287673527882,1.651258839627277,1.4110966077606717
45,1,0.010175649298736914,2.499363754659421,0.17396747270526053,1.4436227770060912,0.9930039732697651,2.578301767557384,0.5433825101711829,1.6555605576540817,1.3081519988679822
45,2,-0.1582633208543898,2.505359971829472,-0.07963656837552671,1.8947749406144727,-0.033897727278464296,2.5838441139045267,0.4801013731908225,2.0348430703753557,0.6763419420338544
45,3,-0.023551545378862455,1.4924088793464634,-0.18002657111651948,1.1463799265385057,-0.17845175580968908,1.6952112756898796,0.45511451837243183,1.422332295456349,0.6078966606838231
45,4,-0.008361854252734204,1.503003902916382,-0.13925385218355324,0.7168360464120018,0.1875593979975847,1.7038698648147401,0.46524268557365134,1.1144670521976927,0.7913177651441867
46,1,-0.5075491551337251,1.3456376697841375,-0.1652007637968017,1.8027762050992167,0.21939775565965453,1.5770458726020657,0.458793481380682,1.955360476767885,0.8088509510901867
46,2,0.448171671135131,2.1680891335226296,0.07433194142126778,0.016547637205386545,0.41515272673067705,2.2764016909255225,0.5185744337962392,0.7014552268092614,0.9221145577300611
46,3,-0.4625257907059428,2.239319203935643,0.07786519184067313,1.5269931219663755,0.3908423400810687,2.340549105368351,0.5194564685919186,1.7235361915536838,0.9075427549113438
46,4,0.016819604767263893,2.2275291648265694,0.158014523719887,1.158514416344744,0.46970950967878344,2.3299002157832462,0.5394216398147561,1.4315539863751077,0.9553304586085163
47,1,0.7819848372043369,1.8563873822921926,0.13192473547539715,0.5380489412008795,-0.23616395130173562,2.0015573126135675,0.532933432889922,0.9979304759293599,0.5820207399582795
47,2,-0.4693381907573351,2.568750546829857,-0.16954039776257715,3.73657370027409,0.6685449599953343,2.6425874841145722,0.45771613583165144,3.760129697795127,1.0822782431304778
47,3,0.26859295554954044,1.289372326612241,-0.31689140580394093,0.8601859880642786,0.005893317910285245,1.5326663799784233,0.4214335223250984,1.2130119045694316,0.6960981809083043
47,4,1.3274226258263908,1.3267979847877935,-0.16485304931224148,2.1772469204605107,0.24356879432530842,1.5621273693599962,0.45887982082677387,2.284623257563977,0.8223290386275663
48,1,-0.44047799055265946,2.27034449554904,-0.04945462491619587,1.6225793540483848,0.9376797054119477,2.36862897104426,0.4876388630327134,1.8027226284602942,1.2680873461686686
48,2,0.002662874409049746,2.716960911834135,0.04380048187177452,1.9278435875910636,1.1181867757710011,2.780944833709564,0.5109483701694563,2.0636512312224613,1.40101103041744
48,3,0.8952245741576189,1.2842616569097882,-0.009151333732849825,1.6606416612961223,0.7420071973864093,1.528661619131539,0.4977121825332354,1.8346092661422393,1.1314494315660848
48,4,-0.6832076978100285,2.0990690370007363,-0.005638034524069611,0.4747468395342339,-0.06207909223572283,2.214690167413523,0.49859049510269254,0.95843300518337,0.6625892838200117
49,1,-0.030946252635232832,2.0898961980547353,-0.29719962879185857,1.6156847285773246,0.6163994680609309,2.2065229881382167,0.4262421994990606,1.7969678554975854,1.0481070861193638
49,2,-0.9383799499865373,0.48485180603717115,-0.1709784390545983,1.9864071520748745,0.7757531008756601,0.9646748455198795,0.45735921838307575,2.114965203432062,1.1544339965705808
49,3,-0.4628822460139884,1.914624399221423,-0.03128281347512438,3.542263396981883,1.5759582771150644,2.0521204587590174,0.4921799343565672,3.5708000582447412,1.7639381927411388
49,4,-0.4833342728778094,3.4839168586833416,-0.2691003566067122,1.9669604073625153,0.4050156094370743,3.5141424082784747,0.433127969493027,2.0978846232433104,0.9160210569181141
50,1,-0.4524312812493238,1.689263738363373,0.1938872009466326,2.608561367780828,1.2497315875638801,1.8587156931679896,0.5483205219110944,2.679616493148406,1.5017204506320363
50,2,-0.19032758205741843,2.435711962325704,0.12877357409465617,1.8348044470269662,-0.05817014961212874,2.519626000211742,0.5321489795687248,1.9829181274007184,0.6644850169208047
50,3,-0.5491592646220191,2.2420825638410244,0.051016943472953026,1.186421112933378,0.06888937439236614,2.3430467554141052,0.5127514702702576,1.4528631965826542,0.728184968728623
50,4,0.5573969803590053,1.6768929941378385,-0.0015923927525025223,3.0479536124977624,0.3432741439793243,1.848283306642816,0.4996019018959964,3.0943179207826716,0.8794421371088429
